{
    "train_losses": [
        336.24542236328125,
        335.94573974609375,
        329.99163818359375,
        331.8113098144531,
        322.0549011230469,
        330.3066101074219,
        338.0574951171875,
        332.6100158691406,
        333.19049072265625,
        329.2705383300781,
        347.204345703125
    ],
    "attention_computation_time": [
        57.09421634674072,
        6.201903025309245,
        5.582094192504883,
        4.41431999206543,
        4.943331082661946,
        6.703694661458333,
        5.905667940775554,
        4.359523455301921,
        6.2147776285807295,
        4.57763671875,
        4.68750794728597
    ],
    "attention_computation_memory": []
}